Ticker,Year,Month,Avg_Close,Avg_Volume,Avg_Return,Monthly_High,Monthly_Low
BOP.KA,2022,6,3.28,2632275.0,-0.91,3.51,3.17
FABL.KA,2024,6,36.89,5098086.0,0.77,46.3,33.62
SBL.KA,2021,11,11.14,96682.0,-1.54,12.82,9.74
SCBPL.KA,2021,4,13.51,10452.0,3.35,15.28,11.81
HMB.KA,2025,7,103.22,479289.0,-0.25,110.47,93.91
BAFL.KA,2023,6,19.45,1437357.0,0.32,20.38,18.45
BAHL.KA,2022,9,31.42,203664.0,-0.7,32.43,30.38
HBL.KA,2022,10,51.54,2044473.0,-0.22,53.11,48.84
MCB.KA,2022,7,68.78,353244.0,-0.63,72.28,65.74
AKBL.KA,2025,9,80.14,2749374.0,-0.03,83.65,73.5
BOP.KA,2022,10,3.16,1129375.0,-0.76,3.27,3.0
BOK.KA,2022,10,9.17,4341.0,1.18,9.41,8.55
SILK.KA,2023,2,0.88,1157175.0,-0.9,0.96,0.8
SCBPL.KA,2021,8,14.63,11935.0,0.79,15.7,13.61
HBL.KA,2026,1,343.49,2199487.0,0.03,361.56,319.07
AKBL.KA,2025,8,69.5,6714378.0,0.24,76.79,63.13
BOP.KA,2025,10,33.61,93102902.0,-0.24,39.28,28.27
HMB.KA,2023,3,19.4,611932.0,-0.17,20.45,18.21
HMB.KA,2025,4,81.75,437627.0,-0.24,90.68,74.6
HBL.KA,2022,7,63.78,407776.0,-0.79,67.99,58.05
HBL.KA,2025,7,203.54,4459793.0,0.86,226.66,173.77
BAHL.KA,2025,10,193.07,771101.0,-0.36,219.42,170.29
SCBPL.KA,2023,9,17.27,62575.0,0.21,19.68,15.95
BAHL.KA,2024,5,83.25,658899.0,0.21,87.18,76.73
SNBL.KA,2026,2,21.47,1032724.0,-1.08,22.84,19.95
SBL.KA,2023,4,7.48,1786.0,0.76,8.6,6.53
SCBPL.KA,2023,4,11.59,60714.0,-0.03,12.51,11.12
HMB.KA,2022,1,22.38,115659.0,0.03,23.05,21.3
HMB.KA,2023,4,18.14,355381.0,-0.54,19.01,17.52
UBL.KA,2022,8,82.07,761543.0,0.16,85.49,74.02
ABL.KA,2022,2,50.84,68050.0,-0.2,53.19,49.14
NBP.KA,2021,6,26.88,1430886.0,-0.11,28.82,25.57
BAHL.KA,2025,9,182.78,529153.0,-0.09,197.47,176.48
BIPL.KA,2023,6,11.77,3405126.0,0.27,12.66,10.37
BIPL.KA,2024,3,17.26,979956.0,-1.04,18.99,16.04
SNBL.KA,2023,11,5.96,1022295.0,-0.13,6.32,5.6
SNBL.KA,2026,3,19.08,929775.0,-0.54,20.99,17.12
SBL.KA,2025,8,9.44,59136.0,-0.48,10.6,8.5
SILK.KA,2023,4,1.03,4481571.0,-0.86,1.27,0.9
UBL.KA,2024,9,244.01,812425.0,0.61,270.73,225.01
BOP.KA,2025,11,32.46,30739016.0,-0.58,34.89,29.64
SNBL.KA,2022,4,5.13,151325.0,0.26,5.3,4.85
SILK.KA,2024,12,1.03,16733552.0,0.0,1.12,0.9
SCBPL.KA,2024,7,52.48,42754.0,-1.81,60.96,46.02
UBL.KA,2025,6,367.9,1502653.0,0.37,494.53,239.81
FABL.KA,2024,2,23.86,1428425.0,0.25,25.55,21.74
SILK.KA,2021,10,1.46,3594048.0,-1.04,1.62,1.34
SILK.KA,2023,6,1.04,1193762.0,-1.88,1.18,0.95
SNBL.KA,2022,11,5.3,12568.0,0.05,5.62,4.93
SILK.KA,2021,12,1.25,3450477.0,-0.66,1.52,1.06
MCB.KA,2021,3,82.14,445370.0,-0.44,83.55,78.55
BAFL.KA,2025,7,83.25,3643086.0,-0.04,89.7,76.74
NBP.KA,2024,3,24.94,4070114.0,-0.67,31.86,21.39
BOK.KA,2022,1,10.7,3938.0,1.76,11.44,9.57
BIPL.KA,2021,9,7.62,2248659.0,1.18,8.79,6.51
SILK.KA,2022,3,1.14,1831457.0,-1.19,1.4,1.04
SCBPL.KA,2024,2,27.18,66800.0,0.05,28.19,25.84
JSBL.KA,2022,10,3.83,93818.0,-0.5,4.09,3.6
UBL.KA,2021,3,75.6,1288349.0,-0.34,78.44,73.74
ABL.KA,2021,5,38.23,126818.0,0.2,39.98,36.44
HBL.KA,2024,5,95.47,2518997.0,-0.02,97.9,93.38
BAHL.KA,2021,11,36.93,371394.0,-0.24,39.51,35.46
BOP.KA,2024,7,4.2,10377587.0,-0.45,4.72,3.74
FABL.KA,2023,4,15.53,1010139.0,0.03,16.99,14.65
FABL.KA,2023,12,23.6,2963684.0,0.27,25.65,20.74
SNBL.KA,2023,3,5.18,289932.0,0.94,5.55,4.77
SNBL.KA,2023,10,5.52,169804.0,0.17,5.83,5.25
SBL.KA,2025,7,9.66,17980.0,-0.91,11.0,9.11
MCB.KA,2024,12,236.52,765887.0,0.11,257.13,218.48
ABL.KA,2023,8,49.46,69152.0,-0.6,51.16,48.69
BOP.KA,2022,11,3.13,1419425.0,-0.46,3.32,3.01
JSBL.KA,2023,10,6.18,1685087.0,1.03,6.89,5.53
SCBPL.KA,2024,11,42.13,104426.0,-0.99,45.17,38.47
HMB.KA,2022,6,21.31,100614.0,-0.39,22.68,19.98
UBL.KA,2024,1,151.61,661603.0,-0.54,155.76,148.12
BAFL.KA,2022,10,19.2,136004.0,-0.81,19.71,18.55
NBP.KA,2022,7,20.73,252214.0,-0.08,21.52,19.97
AKBL.KA,2022,11,13.85,540056.0,0.27,14.51,12.84
BIPL.KA,2023,5,10.85,1714481.0,-0.7,11.6,10.08
SNBL.KA,2025,10,24.26,3816374.0,-0.52,30.6,21.35
JSBL.KA,2023,2,4.37,92275.0,0.26,4.59,4.0
SILK.KA,2024,4,0.95,2197382.0,-1.08,1.0,0.9
MCB.KA,2024,7,183.41,411135.0,-0.41,189.88,175.33
ABL.KA,2022,4,49.61,19700.0,-0.43,51.78,46.15
NBP.KA,2022,5,22.57,206174.0,0.02,23.93,21.14
AKBL.KA,2021,11,15.65,156243.0,0.05,16.62,15.14
BOK.KA,2023,2,9.54,2800.0,1.15,10.43,8.73
BIPL.KA,2024,12,19.88,1141781.0,-0.21,22.11,18.03
JSBL.KA,2023,1,4.57,169457.0,1.21,5.25,4.13
JSBL.KA,2023,4,4.25,1919714.0,0.65,5.0,3.91
JSBL.KA,2023,8,5.69,5373565.0,0.16,6.44,5.13
SBL.KA,2024,2,10.5,7075.0,0.34,11.0,9.07
HMB.KA,2024,10,59.92,192446.0,0.06,64.31,55.18
UBL.KA,2024,3,155.85,2074826.0,-0.21,163.86,149.57
BOK.KA,2023,9,8.01,525.0,0.35,8.68,7.54
SCBPL.KA,2024,5,40.86,44867.0,1.1,47.64,36.45
MEBL.KA,2022,10,74.7,831789.0,-0.37,80.61,72.93
BAHL.KA,2022,12,31.33,416151.0,-0.3,33.91,29.67
BOK.KA,2022,9,8.97,52595.0,0.25,9.41,8.16
BOK.KA,2025,2,11.6,15461.0,0.76,13.37,10.56
FABL.KA,2023,3,14.99,554733.0,-0.68,15.66,14.65
HMB.KA,2025,2,83.08,152394.0,-0.39,89.4,79.76
MCB.KA,2026,3,359.85,620520.0,0.0,380.13,336.27
BAFL.KA,2025,12,103.17,1871567.0,-0.29,106.61,101.06
BAHL.KA,2023,5,29.11,321483.0,-0.38,31.5,27.28
BOP.KA,2024,12,7.66,47947511.0,0.15,8.54,6.66
SNBL.KA,2023,8,5.62,99370.0,-0.81,5.97,5.38
JSBL.KA,2021,8,5.29,333304.0,-0.52,5.5,5.05
HMB.KA,2022,2,22.91,73250.0,-0.23,23.65,21.94
HBL.KA,2023,7,63.09,4638031.0,0.23,75.91,59.26
UBL.KA,2024,12,329.0,2447409.0,0.51,351.59,297.61
MCB.KA,2023,10,99.95,490702.0,0.35,107.6,89.74
MEBL.KA,2024,9,197.07,710303.0,-0.46,207.98,182.72
MEBL.KA,2025,11,419.19,1244579.0,-0.29,446.85,403.55
FABL.KA,2022,8,10.7,674174.0,-0.32,11.98,10.19
JSBL.KA,2025,1,10.74,4383148.0,0.42,11.9,8.81
SILK.KA,2023,9,0.97,1228675.0,-1.33,1.08,0.93
HMB.KA,2025,5,80.32,326319.0,-0.47,86.53,70.89
UBL.KA,2021,4,76.72,1879320.0,0.0,82.57,72.34
UBL.KA,2026,3,375.35,1786443.0,-0.45,415.12,344.73
MCB.KA,2021,7,78.1,590669.0,-0.29,82.17,76.36
MEBL.KA,2023,3,68.08,1120387.0,-0.28,71.33,65.55
BIPL.KA,2021,11,9.11,1502386.0,-0.17,10.25,8.64
JSBL.KA,2024,10,8.61,118557.0,-1.08,9.0,8.0
SBL.KA,2025,10,12.12,3715545.0,-0.2,14.01,10.06
SILK.KA,2024,6,0.91,5826819.0,-1.94,1.14,0.81
MCB.KA,2025,5,257.56,623581.0,-0.34,275.69,234.58
NBP.KA,2023,8,18.33,2016522.0,-1.09,20.92,15.88
NBP.KA,2025,5,74.95,4632691.0,0.12,84.64,62.82
BOP.KA,2024,10,4.19,7921103.0,-0.14,4.61,3.89
SNBL.KA,2022,1,4.53,48023.0,0.31,4.64,4.25
BAHL.KA,2023,9,32.16,628866.0,-0.56,35.12,30.96
BOK.KA,2025,3,12.75,35098.0,0.05,15.19,10.54
JSBL.KA,2023,3,4.09,59932.0,0.35,4.4,3.72
MCB.KA,2023,11,113.11,1064862.0,0.48,130.26,104.06
MCB.KA,2024,6,177.64,646115.0,0.5,206.28,155.94
ABL.KA,2022,7,40.62,11500.0,-0.67,42.43,38.55
MEBL.KA,2025,8,374.6,1847479.0,0.29,410.54,343.92
BOP.KA,2022,12,2.89,3084033.0,-0.95,3.12,2.62
BOP.KA,2026,2,33.45,41110932.0,-1.28,39.34,25.82
JSBL.KA,2025,9,17.4,865205.0,1.68,22.79,13.9
SBL.KA,2023,8,7.54,43.0,0.0,8.0,7.5
BOK.KA,2021,8,10.0,2328.0,0.04,10.61,9.66
BIPL.KA,2025,8,32.86,4174549.0,0.08,36.23,29.55
FABL.KA,2026,1,97.23,2779330.0,-0.35,103.09,91.38
SILK.KA,2025,1,1.01,3435153.0,-1.54,1.07,0.96
UBL.KA,2023,10,125.02,1283178.0,0.44,136.39,114.35
AKBL.KA,2021,7,14.65,205521.0,-0.18,15.47,14.2
AKBL.KA,2024,8,22.57,1309154.0,-1.46,25.38,21.47
BOK.KA,2024,6,9.3,11000.0,-1.29,10.36,8.18
JSBL.KA,2024,12,9.06,1531165.0,-1.08,9.97,7.69
ABL.KA,2025,12,177.15,56975.0,-0.04,180.53,171.86
BAFL.KA,2025,1,72.45,892584.0,-0.53,76.18,69.26
MEBL.KA,2021,9,80.41,1902529.0,-0.3,91.21,73.92
NBP.KA,2025,2,57.56,9704289.0,0.23,61.68,52.86
BIPL.KA,2022,10,7.01,351636.0,0.16,7.4,6.64
FABL.KA,2021,10,10.92,1102167.0,0.58,11.58,10.17
SNBL.KA,2024,11,12.35,1415324.0,0.81,13.64,11.62
HMB.KA,2022,10,20.11,249909.0,0.02,20.76,19.32
MCB.KA,2021,6,79.57,695025.0,-0.55,82.95,73.85
BAFL.KA,2024,8,49.42,363694.0,-0.86,52.03,48.03
JSBL.KA,2023,12,9.45,3061976.0,1.46,11.04,8.7
HMB.KA,2024,12,74.87,249407.0,-0.04,79.02,70.12
BAFL.KA,2023,12,35.18,2059387.0,0.48,38.41,31.98
AKBL.KA,2025,11,94.96,1449739.0,-0.4,99.79,89.87
BOK.KA,2022,6,10.79,2568.0,1.22,11.41,9.55
BOK.KA,2023,1,9.42,2152.0,0.69,9.63,8.88
BOK.KA,2024,8,10.05,3523.0,-0.46,10.77,9.24
BOK.KA,2025,8,17.59,167404.0,-0.22,25.41,14.86
BIPL.KA,2021,3,7.44,368500.0,1.07,7.71,6.93
FABL.KA,2022,7,10.31,870143.0,0.18,11.23,9.73
ABL.KA,2024,2,65.3,9825.0,0.23,67.49,62.7
NBP.KA,2022,12,18.52,306262.0,0.15,19.27,17.56
AKBL.KA,2025,12,94.95,1792577.0,-0.24,101.75,91.73
BAFL.KA,2025,10,105.18,3636237.0,0.12,114.11,96.6
NBP.KA,2024,7,37.4,8226404.0,0.73,41.6,28.82
AKBL.KA,2022,4,13.17,171580.0,0.1,14.01,12.37
BIPL.KA,2025,12,31.54,1042741.0,0.1,34.09,29.49
HMB.KA,2025,11,109.41,208836.0,-0.57,115.37,105.57
HBL.KA,2024,10,118.05,2860016.0,0.36,126.54,106.65
AKBL.KA,2022,8,12.25,604700.0,0.29,13.21,11.08
BOP.KA,2025,2,9.1,57284792.0,0.9,10.36,7.36
FABL.KA,2026,3,82.31,1378745.0,0.26,87.95,74.1
SBL.KA,2022,2,11.93,63650.0,0.11,12.55,11.39
MCB.KA,2024,2,139.06,487102.0,0.55,148.35,131.45
NBP.KA,2021,8,25.34,268522.0,-0.3,26.42,24.41
NBP.KA,2024,9,44.54,3047396.0,-0.42,47.33,42.34
BOK.KA,2023,3,9.47,2273.0,0.86,9.78,8.55
BIPL.KA,2023,2,8.18,1343475.0,-0.5,8.95,7.72
SNBL.KA,2021,5,4.11,825455.0,0.19,4.36,3.86
JSBL.KA,2022,1,4.73,531432.0,-0.4,5.0,4.5
HMB.KA,2021,6,19.76,181091.0,-0.49,21.23,19.3
MCB.KA,2023,12,130.46,864886.0,0.26,150.43,119.56
ABL.KA,2021,7,39.41,63310.0,-0.01,40.38,38.88
NBP.KA,2025,11,183.66,5471786.0,-0.58,198.06,172.74
BAHL.KA,2023,2,30.2,855086.0,-0.72,31.71,29.39
AKBL.KA,2024,7,24.42,3699971.0,0.26,27.48,19.87
BOK.KA,2021,10,10.33,3650.0,1.39,11.2,9.57
BOK.KA,2021,12,10.73,2219.0,0.47,11.37,9.94
BOK.KA,2026,1,36.0,66326.0,-0.02,43.64,32.33
BIPL.KA,2022,1,8.28,447750.0,-0.31,8.99,7.8
BIPL.KA,2024,11,18.95,1293936.0,0.85,20.7,16.79
SILK.KA,2022,8,1.18,2149761.0,-0.26,1.45,1.05
SCBPL.KA,2022,4,14.29,24300.0,0.7,15.08,13.31
UBL.KA,2024,2,154.36,786004.0,0.25,161.52,148.75
ABL.KA,2023,5,46.0,33652.0,0.19,48.3,42.88
BAFL.KA,2025,6,71.7,2040456.0,0.25,76.83,67.9
NBP.KA,2024,2,21.61,1226162.0,-0.02,22.82,20.31
BOP.KA,2022,1,4.45,2532290.0,-0.16,4.61,4.37
BIPL.KA,2023,7,13.01,5491073.0,-0.25,13.61,12.24
JSBL.KA,2022,4,4.67,497525.0,0.19,5.09,4.25
SBL.KA,2021,8,6.15,65130.0,0.37,6.35,5.7
UBL.KA,2021,9,78.23,1674245.0,-0.38,82.6,74.1
BAFL.KA,2025,3,67.24,383074.0,-0.95,69.77,63.95
AKBL.KA,2021,9,14.81,239017.0,0.45,16.28,13.66
BOK.KA,2021,4,11.52,2425.0,1.33,11.77,10.7
BOK.KA,2022,2,10.71,9030.0,2.51,11.38,9.83
BIPL.KA,2025,11,29.46,550194.0,-0.12,30.85,28.51
MCB.KA,2021,8,81.31,358521.0,-0.27,83.2,78.74
MEBL.KA,2026,2,473.43,1461036.0,-0.41,510.62,438.0
SBL.KA,2023,6,7.07,38929.0,0.89,8.0,6.0
AKBL.KA,2025,2,36.72,633676.0,-0.75,39.37,34.46
BIPL.KA,2024,4,18.8,2349232.0,-0.12,20.46,16.89
SBL.KA,2024,5,10.81,69255.0,-0.07,12.3,9.63
SILK.KA,2022,9,1.11,2357429.0,-1.87,1.37,1.0
HBL.KA,2022,12,48.11,1382073.0,-0.97,51.71,44.12
HBL.KA,2025,5,143.15,2144461.0,-0.24,150.92,120.43
ABL.KA,2023,9,50.43,26000.0,-0.5,52.52,49.04
BAFL.KA,2022,5,18.26,1075911.0,-0.43,19.04,17.67
NBP.KA,2023,3,17.04,225977.0,-0.66,18.32,16.03
AKBL.KA,2026,2,99.52,3241549.0,-1.01,119.85,85.28
FABL.KA,2023,6,14.14,1690169.0,-0.67,15.74,13.49
JSBL.KA,2025,2,9.82,1045081.0,-1.27,10.9,9.16
HMB.KA,2023,12,39.01,239571.0,0.2,42.54,35.95
BAHL.KA,2023,6,27.08,358441.0,0.13,28.84,25.97
AKBL.KA,2024,1,18.32,1073826.0,-0.21,19.82,17.34
JSBL.KA,2026,2,16.5,147969.0,-2.58,17.99,13.0
HBL.KA,2021,7,84.02,857914.0,-0.07,86.31,80.13
HBL.KA,2024,3,90.75,1058272.0,-0.46,95.39,86.34
UBL.KA,2025,7,334.49,2728030.0,1.08,360.55,271.2
ABL.KA,2021,3,38.1,153786.0,-1.48,39.74,37.24
MEBL.KA,2022,12,72.72,936978.0,-0.95,77.06,68.33
AKBL.KA,2022,10,12.33,86015.0,0.11,13.18,11.66
BOP.KA,2021,12,4.43,2248172.0,-0.29,4.56,4.3
BOK.KA,2023,4,9.56,1405.0,0.22,9.78,8.69
BOK.KA,2024,2,8.24,3375.0,1.16,8.69,7.68
BIPL.KA,2021,10,8.69,958262.0,0.05,9.05,8.25
SCBPL.KA,2021,10,15.92,11952.0,2.18,16.76,14.11
SCBPL.KA,2023,10,19.93,160674.0,0.52,23.33,17.88
HMB.KA,2024,2,41.88,168425.0,0.21,43.61,40.22
HMB.KA,2024,8,56.32,173558.0,0.21,61.18,53.11
HBL.KA,2024,11,125.58,4904491.0,1.0,163.16,110.97
SNBL.KA,2024,4,7.75,766382.0,0.41,7.95,7.33
SILK.KA,2025,3,1.14,3581637.0,0.28,1.2,1.01
NBP.KA,2025,6,88.58,6036348.0,0.37,95.26,80.02
BOK.KA,2023,8,9.25,1065.0,0.17,10.13,7.75
HBL.KA,2026,3,266.21,1654816.0,-0.56,288.28,247.24
ABL.KA,2024,7,97.8,32783.0,-0.77,109.11,84.5
FABL.KA,2021,6,6.81,684386.0,0.1,7.17,6.64
FABL.KA,2023,10,17.3,1629650.0,0.13,18.35,15.89
SBL.KA,2026,3,11.21,193283.0,-0.77,12.89,10.11
AKBL.KA,2022,12,13.85,94930.0,-0.13,14.36,13.01
SNBL.KA,2026,1,25.22,1997986.0,-0.98,27.65,21.35
JSBL.KA,2023,7,5.28,960227.0,0.02,5.63,4.81
JSBL.KA,2025,6,10.31,1266356.0,2.61,13.56,8.5
HBL.KA,2024,12,148.31,3107502.0,-0.22,164.84,136.04
UBL.KA,2022,7,77.58,677863.0,-0.65,82.17,73.98
MCB.KA,2025,7,317.72,628389.0,0.26,337.49,291.18
MEBL.KA,2023,12,127.01,1681439.0,0.08,141.83,115.7
AKBL.KA,2021,10,15.56,666042.0,0.37,17.03,14.66
BOK.KA,2024,1,8.4,4043.0,1.79,9.54,7.97
SNBL.KA,2022,12,5.21,15262.0,1.71,5.38,4.77
SCBPL.KA,2024,6,49.18,52458.0,0.9,54.28,43.92
HBL.KA,2021,11,83.56,3589966.0,-0.34,86.92,78.1
HBL.KA,2024,1,93.31,1937077.0,-0.42,97.7,89.28
MCB.KA,2025,2,243.58,351404.0,-0.15,255.91,215.32
BAFL.KA,2022,2,17.66,1128218.0,-0.31,18.55,17.1
NBP.KA,2022,8,22.46,1424674.0,0.13,26.11,19.72
BAHL.KA,2025,1,120.18,459257.0,0.1,129.61,112.77
AKBL.KA,2023,6,10.35,198714.0,-0.3,11.27,9.32
BOK.KA,2024,7,10.14,12382.0,0.04,11.34,8.92
BIPL.KA,2024,9,18.06,1048349.0,-0.57,19.3,17.26
JSBL.KA,2024,5,9.17,1164172.0,0.02,9.75,8.62
SCBPL.KA,2024,4,40.85,105853.0,1.12,46.91,32.89
HBL.KA,2021,5,83.63,1517726.0,0.18,90.11,79.28
MCB.KA,2023,2,69.28,610359.0,-0.06,71.44,67.08
AKBL.KA,2021,3,13.33,358636.0,-0.29,13.72,13.01
BOK.KA,2025,7,16.07,39506.0,-0.54,17.84,14.66
FABL.KA,2025,7,74.89,3147710.0,-0.3,78.89,71.18
SNBL.KA,2021,12,4.47,17818.0,0.6,4.6,4.24
SILK.KA,2024,10,0.94,11152847.0,-1.24,1.29,0.87
UBL.KA,2024,4,167.22,1359584.0,0.58,178.88,154.12
BAFL.KA,2022,8,19.85,2878469.0,-0.11,21.87,17.42
BOP.KA,2025,4,9.45,28010788.0,-0.83,10.63,8.01
BOK.KA,2025,12,31.33,17543.0,-0.29,34.37,29.47
BIPL.KA,2022,9,7.29,292143.0,-0.46,7.96,6.76
SILK.KA,2022,5,1.19,8845543.0,0.95,1.63,1.0
MCB.KA,2022,9,68.6,301303.0,-0.39,70.66,66.65
BAHL.KA,2022,8,33.03,556064.0,-0.71,34.76,31.23
AKBL.KA,2025,4,34.68,1205848.0,-0.76,38.1,31.33
BOK.KA,2025,9,27.76,128242.0,1.24,34.18,21.96
BIPL.KA,2021,4,7.18,788738.0,0.23,7.6,6.47
JSBL.KA,2025,10,21.68,415758.0,0.09,24.5,19.02
SBL.KA,2022,9,6.89,7643.0,-0.08,7.48,6.12
MEBL.KA,2021,5,55.5,802858.0,-0.19,59.39,53.59
MEBL.KA,2021,11,86.5,1244442.0,0.34,94.98,81.0
NBP.KA,2022,6,21.42,376864.0,-0.26,22.65,19.85
BOP.KA,2023,11,3.04,12137679.0,0.52,3.87,2.75
SCBPL.KA,2021,3,12.11,6571.0,0.32,13.12,11.2
MEBL.KA,2022,4,84.24,1576966.0,-0.15,89.15,75.3
BOP.KA,2023,8,2.62,5811478.0,-1.49,3.18,2.2
BOP.KA,2025,12,34.66,34655203.0,-0.04,39.05,32.11
BIPL.KA,2023,10,12.79,3463210.0,0.94,15.28,11.82
SCBPL.KA,2022,9,10.86,380786.0,0.38,12.03,9.7
MCB.KA,2024,5,167.54,548746.0,0.04,175.74,157.56
BAFL.KA,2024,7,54.62,667559.0,-0.99,58.95,49.82
MEBL.KA,2024,8,208.2,754466.0,-0.04,215.57,201.65
BOK.KA,2021,5,11.55,3460.0,1.38,12.22,10.72
SNBL.KA,2023,7,5.82,927250.0,-0.19,6.49,5.47
SBL.KA,2021,6,6.26,52773.0,1.1,6.63,5.74
SCBPL.KA,2024,10,47.55,58735.0,-0.26,50.19,42.2
UBL.KA,2022,5,91.25,803742.0,-0.76,96.01,86.14
BAFL.KA,2025,11,101.03,836378.0,-0.73,107.58,98.63
AKBL.KA,2021,12,15.11,81545.0,-0.08,15.71,14.6
JSBL.KA,2022,5,4.29,135391.0,1.18,4.8,3.96
SBL.KA,2025,11,11.81,219365.0,-1.43,13.2,10.97
HMB.KA,2021,4,17.48,447952.0,0.01,19.49,16.16
UBL.KA,2023,5,92.78,1218301.0,-0.09,98.93,88.48
ABL.KA,2023,10,52.08,19196.0,0.49,54.98,50.47
JSBL.KA,2025,11,18.97,386873.0,-0.52,21.15,16.39
HMB.KA,2023,6,18.21,51000.0,-0.05,19.81,17.1
UBL.KA,2022,3,95.84,1661478.0,-0.17,99.65,92.25
NBP.KA,2025,10,178.11,9327441.0,-0.18,192.13,163.53
AKBL.KA,2022,5,12.73,81325.0,0.26,13.51,12.03
BOK.KA,2021,11,10.44,3723.0,1.44,11.17,9.61
BOK.KA,2023,12,8.61,8929.0,1.1,10.36,7.79
BIPL.KA,2021,7,6.83,341595.0,0.03,7.09,6.44
FABL.KA,2025,8,73.93,2454712.0,-0.15,80.82,65.34
JSBL.KA,2022,3,4.39,281913.0,0.28,5.39,4.05
SCBPL.KA,2021,12,14.36,10182.0,1.13,17.08,13.21
SCBPL.KA,2022,3,14.65,7957.0,1.45,17.03,13.69
SCBPL.KA,2023,1,10.25,25522.0,0.62,10.79,9.83
SCBPL.KA,2025,1,45.86,61277.0,-0.76,49.25,41.76
MCB.KA,2021,10,78.92,950457.0,0.14,84.31,74.67
BAHL.KA,2023,4,27.83,605090.0,0.15,30.92,26.15
FABL.KA,2025,12,88.59,2127528.0,-0.09,93.33,85.51
SNBL.KA,2024,9,11.49,603920.0,-0.1,12.24,11.02
SNBL.KA,2025,1,15.23,762851.0,0.24,16.37,14.51
SILK.KA,2022,7,1.17,1448595.0,-1.32,1.33,1.07
SILK.KA,2024,9,0.94,3577154.0,-2.07,1.04,0.89
HBL.KA,2023,6,54.31,1719095.0,-0.1,57.48,51.13
UBL.KA,2025,4,440.03,2782411.0,0.62,538.38,224.17
MCB.KA,2022,8,71.69,416016.0,-0.66,76.52,67.86
MCB.KA,2026,1,413.73,749457.0,-0.04,440.57,374.29
SNBL.KA,2021,7,4.25,75357.0,-0.82,4.48,4.14
MCB.KA,2023,5,76.69,911829.0,-0.26,78.59,70.36
ABL.KA,2021,11,44.95,299364.0,-0.35,46.25,43.39
ABL.KA,2023,1,41.6,23130.0,-0.5,44.13,40.94
BAFL.KA,2023,8,28.62,3198056.0,0.23,30.67,25.61
MEBL.KA,2024,12,210.3,2765338.0,-0.07,234.58,189.46
BOP.KA,2021,4,4.1,3635038.0,-0.62,4.28,4.0
JSBL.KA,2025,12,16.9,350533.0,0.0,18.75,16.2
JSBL.KA,2024,11,8.98,634269.0,-0.6,9.54,8.17
SCBPL.KA,2025,5,53.96,32345.0,-0.52,56.62,48.98
MCB.KA,2022,5,77.65,520156.0,-0.92,81.81,74.01
BAFL.KA,2021,3,13.6,1070276.0,-1.51,14.32,13.24
BAFL.KA,2023,11,29.7,2794660.0,0.44,33.76,27.44
NBP.KA,2023,2,18.84,300975.0,-0.31,19.85,17.63
BAHL.KA,2023,3,28.65,587032.0,-0.62,31.18,26.43
FABL.KA,2023,9,15.58,609736.0,-0.36,16.11,15.17
SBL.KA,2025,5,8.9,40907.0,-1.24,10.28,7.4
HMB.KA,2024,3,42.65,282200.0,0.08,45.35,39.9
HMB.KA,2026,3,107.57,417211.0,-0.22,116.11,98.84
HBL.KA,2024,7,117.03,3844923.0,0.07,128.47,105.14
BOP.KA,2023,4,2.56,1437286.0,-0.34,2.72,2.31
BOK.KA,2022,5,10.72,3217.0,1.8,11.15,10.07
BIPL.KA,2024,1,18.32,2998215.0,-0.01,20.81,16.15
BIPL.KA,2025,1,19.61,398828.0,-0.3,20.18,19.1
SNBL.KA,2023,2,5.07,86050.0,0.57,5.38,4.36
JSBL.KA,2022,9,3.89,461357.0,-1.3,4.05,3.7
ABL.KA,2023,2,42.3,12025.0,-0.11,44.42,39.36
BAFL.KA,2021,6,14.16,2308055.0,-0.31,14.63,13.53
SNBL.KA,2024,2,7.75,4106825.0,-0.05,8.12,7.46
SCBPL.KA,2024,12,44.86,186371.0,-0.38,48.76,41.82
HBL.KA,2022,4,77.87,796635.0,-0.55,81.78,74.84
HBL.KA,2023,12,95.53,4081730.0,-0.08,107.15,86.57
HBL.KA,2025,4,136.91,3092455.0,-0.48,148.98,126.29
UBL.KA,2025,2,371.85,582317.0,-0.35,384.55,355.25
MCB.KA,2023,9,90.06,1983624.0,0.01,92.94,87.0
ABL.KA,2023,3,42.6,77136.0,0.19,45.13,40.89
ABL.KA,2024,5,79.71,35834.0,0.32,81.96,73.88
BOK.KA,2024,3,9.69,17911.0,0.48,10.92,7.79
FABL.KA,2022,5,10.02,424804.0,-0.5,10.66,9.15
UBL.KA,2024,8,225.22,658204.0,-0.04,232.96,214.52
MEBL.KA,2025,4,244.66,1644754.0,0.51,263.28,223.76
UBL.KA,2021,6,82.77,961381.0,-0.47,85.83,77.51
MEBL.KA,2025,6,298.18,1157953.0,0.34,331.48,282.57
NBP.KA,2025,3,63.2,5728375.0,-0.32,67.39,59.92
AKBL.KA,2025,7,61.73,11449567.0,0.8,67.51,47.98
BOP.KA,2022,8,3.37,3109413.0,0.06,3.71,3.03
BOK.KA,2021,9,10.16,6873.0,1.12,10.48,9.55
FABL.KA,2021,7,7.25,366714.0,0.24,7.97,6.77
FABL.KA,2025,1,42.83,1372859.0,-0.16,44.8,40.42
SBL.KA,2026,1,14.93,1502494.0,-1.14,16.62,13.7
SILK.KA,2023,11,1.01,4641045.0,-0.23,1.18,0.93
HBL.KA,2022,9,60.94,770599.0,-1.26,66.29,50.78
HBL.KA,2024,4,95.11,7490166.0,0.26,100.42,87.26
SNBL.KA,2021,3,4.04,810500.0,-0.1,4.22,3.86
JSBL.KA,2022,11,4.49,1444705.0,1.15,5.45,3.72
SBL.KA,2023,3,7.02,1318.0,0.09,8.24,6.5
SCBPL.KA,2022,2,14.25,6650.0,-0.93,15.12,13.24
HMB.KA,2021,9,21.94,202523.0,0.35,23.66,20.62
HMB.KA,2023,7,20.65,497091.0,-0.06,23.16,18.48
MEBL.KA,2023,1,65.0,1349520.0,-0.88,70.56,59.64
NBP.KA,2023,7,16.21,1661909.0,0.56,19.39,15.19
BAHL.KA,2023,10,38.45,1323248.0,1.17,49.68,31.87
BAHL.KA,2024,6,87.92,633357.0,0.15,101.13,79.49
BOP.KA,2023,3,2.6,2336680.0,-0.57,2.7,2.47
FABL.KA,2025,11,82.97,822470.0,-0.45,87.35,78.72
JSBL.KA,2022,6,3.92,125750.0,-0.05,4.19,3.45
HBL.KA,2021,9,77.15,2490670.0,-0.82,82.09,71.73
MCB.KA,2025,3,251.25,306263.0,-0.28,258.71,243.73
NBP.KA,2024,11,47.78,5248497.0,0.46,56.49,44.04
BAHL.KA,2026,2,175.97,753823.0,-1.17,197.34,160.41
FABL.KA,2022,1,10.49,1008568.0,0.25,11.16,9.43
SNBL.KA,2021,4,3.93,850595.0,-0.28,4.09,3.86
SNBL.KA,2022,8,5.06,625239.0,0.86,5.35,4.55
MCB.KA,2025,12,357.67,440191.0,-0.04,372.33,346.13
BAHL.KA,2021,10,35.72,560356.0,-0.21,37.35,33.47
BAHL.KA,2024,10,93.01,864995.0,0.39,100.29,85.32
BOP.KA,2025,1,7.88,13792942.0,-0.73,8.65,7.39
BOK.KA,2025,6,14.57,11496.0,-0.09,16.64,13.27
SILK.KA,2023,1,0.92,1055065.0,-1.96,1.01,0.85
SCBPL.KA,2026,1,69.34,58076.0,-0.09,71.67,65.51
HMB.KA,2021,5,19.1,537864.0,0.25,21.23,18.25
BAHL.KA,2022,7,32.72,171942.0,-0.52,34.36,30.58
BOK.KA,2023,11,8.05,3023.0,1.35,9.05,7.42
SILK.KA,2024,11,0.92,9423459.0,-0.91,0.99,0.89
AKBL.KA,2024,5,19.45,1267164.0,-0.07,20.13,18.99
AKBL.KA,2024,11,26.72,1980562.0,0.91,34.94,24.15
BOP.KA,2022,9,3.25,1370836.0,-0.87,3.55,3.09
SNBL.KA,2022,2,4.68,1139225.0,-0.52,5.06,4.5
HMB.KA,2021,11,23.14,173023.0,-0.35,24.72,21.94
HMB.KA,2023,9,25.91,113900.0,0.11,27.57,25.0
BAFL.KA,2026,2,122.73,3192613.0,-0.56,133.39,112.45
MEBL.KA,2022,5,80.97,1000904.0,-0.45,85.84,77.63
MEBL.KA,2025,3,221.08,1066776.0,0.05,230.25,213.36
SNBL.KA,2023,9,5.47,41900.0,-0.35,5.61,5.33
SCBPL.KA,2025,7,61.41,90465.0,-0.14,64.84,56.71
HBL.KA,2023,8,79.35,3962267.0,0.09,83.51,73.99
BIPL.KA,2021,5,7.12,1039205.0,0.04,7.34,6.69
SBL.KA,2021,4,6.22,60762.0,0.22,7.07,5.48
MEBL.KA,2024,5,192.27,1637511.0,0.45,210.17,178.05
NBP.KA,2021,11,25.74,685023.0,-0.1,27.64,24.17
BAHL.KA,2024,12,115.53,725516.0,-0.32,125.14,104.58
FABL.KA,2021,11,10.57,987682.0,-0.98,11.85,9.66
HMB.KA,2021,8,20.41,460957.0,0.34,21.46,19.3
UBL.KA,2023,12,148.32,860519.0,-0.22,159.76,137.43
MCB.KA,2025,4,252.04,1088897.0,-0.33,265.18,242.54
ABL.KA,2022,3,50.08,74891.0,0.06,52.07,49.11
ABL.KA,2022,12,40.86,68333.0,-0.05,41.3,37.62
ABL.KA,2025,7,171.12,546769.0,0.39,205.24,138.29
NBP.KA,2025,9,153.95,9897444.0,0.49,176.98,129.56
BAHL.KA,2024,9,83.73,961794.0,-0.17,88.34,79.81
SBL.KA,2023,10,8.77,35457.0,1.46,10.0,7.5
SILK.KA,2022,2,1.3,1816575.0,-1.32,1.47,1.15
SILK.KA,2023,8,1.0,2199674.0,-0.98,1.09,0.88
HMB.KA,2022,8,20.9,82370.0,0.28,22.35,18.76
NBP.KA,2024,12,52.67,7299361.0,-0.22,59.92,44.27
FABL.KA,2022,10,11.6,927568.0,-0.01,13.13,10.92
HMB.KA,2022,9,20.2,51738.0,-0.13,21.87,18.91
UBL.KA,2022,9,81.64,369524.0,-0.42,84.69,79.07
BAFL.KA,2024,4,44.14,1662760.0,0.62,47.55,40.91
BAHL.KA,2021,6,36.81,565945.0,-0.72,38.54,35.45
BOP.KA,2023,12,4.09,44509745.0,0.74,5.31,3.42
SNBL.KA,2025,11,24.02,1003413.0,-0.71,25.15,23.21
SBL.KA,2024,11,10.49,27836.0,-2.22,12.49,9.11
HMB.KA,2021,10,22.25,420333.0,0.24,23.46,20.99
FABL.KA,2021,12,9.6,515409.0,-0.76,10.39,9.11
HMB.KA,2024,7,58.82,325536.0,0.21,62.0,53.03
NBP.KA,2023,9,16.76,740625.0,0.74,17.75,15.89
BAHL.KA,2025,2,129.18,373954.0,-0.08,138.85,122.31
AKBL.KA,2025,10,91.4,5252219.0,0.09,104.88,80.37
BOK.KA,2022,11,9.35,1841.0,1.58,9.6,8.7
BIPL.KA,2021,8,6.74,147500.0,-0.34,7.09,6.51
JSBL.KA,2021,10,5.01,503095.0,-0.38,5.3,4.75
SBL.KA,2023,7,7.88,36773.0,0.71,8.25,6.85
SCBPL.KA,2021,11,15.03,7227.0,1.45,15.67,14.13
SCBPL.KA,2023,5,12.47,19870.0,0.52,12.92,11.73
MCB.KA,2022,1,83.38,503945.0,0.23,85.37,79.59
MEBL.KA,2021,3,56.19,400943.0,-0.42,57.35,52.7
MEBL.KA,2022,7,72.06,642855.0,0.29,77.17,69.69
BOK.KA,2024,10,9.78,4740.0,-1.0,10.92,8.34
JSBL.KA,2022,2,4.56,43375.0,-0.57,4.88,4.23
ABL.KA,2023,7,49.14,21750.0,0.03,52.16,46.64
MEBL.KA,2024,11,210.5,2760599.0,0.26,253.52,199.39
BAHL.KA,2022,2,38.87,476404.0,0.16,40.27,37.2
BOP.KA,2021,5,4.1,3915815.0,-0.01,4.41,3.98
BOK.KA,2023,10,8.12,1913.0,1.84,8.63,7.39
FABL.KA,2021,8,7.62,2792152.0,0.54,8.37,7.17
NBP.KA,2022,10,19.62,173500.0,-0.29,20.38,18.93
AKBL.KA,2023,11,15.61,1449773.0,0.73,18.07,13.92
MCB.KA,2021,4,81.7,399257.0,-0.56,84.27,77.11
ABL.KA,2021,9,38.96,42318.0,-0.58,40.57,38.04
NBP.KA,2025,8,122.86,10862039.0,0.55,133.79,106.69
FABL.KA,2025,3,44.17,894685.0,-0.35,45.57,42.9
JSBL.KA,2023,5,4.5,286478.0,-0.87,5.0,4.0
SCBPL.KA,2023,8,14.03,370804.0,-0.19,17.11,12.69
HBL.KA,2023,3,55.53,2073206.0,-0.12,59.12,51.57
ABL.KA,2026,3,166.92,138437.0,-0.13,174.77,148.47
FABL.KA,2025,10,86.6,3061461.0,-0.41,95.47,79.47
SNBL.KA,2024,10,11.79,1124432.0,-0.5,12.17,11.33
SBL.KA,2024,4,11.24,194147.0,-0.09,13.0,10.41
HBL.KA,2022,11,50.79,925958.0,-0.41,53.05,49.52
ABL.KA,2023,6,46.36,92095.0,0.04,47.3,45.21
BAFL.KA,2023,3,19.83,732107.0,-0.63,20.7,18.8
BAFL.KA,2026,3,111.56,1835564.0,-0.29,120.73,104.18
FABL.KA,2022,2,10.73,1265250.0,-0.1,11.54,10.06
SNBL.KA,2021,6,4.23,1392932.0,0.28,4.6,4.14
MCB.KA,2023,4,74.01,272533.0,0.21,76.69,71.75
BAFL.KA,2022,9,19.85,629079.0,-0.95,20.52,18.92
MEBL.KA,2021,4,54.79,821766.0,-0.48,56.4,52.8
AKBL.KA,2023,1,13.54,53350.0,0.32,14.09,12.73
AKBL.KA,2025,5,41.78,1340981.0,0.33,46.76,32.64
BOP.KA,2021,9,4.33,5206472.0,-0.43,4.55,4.19
HBL.KA,2025,3,139.11,700798.0,-0.17,143.4,133.81
BAFL.KA,2024,6,51.77,1252938.0,0.49,59.15,44.72
NBP.KA,2025,7,103.91,5933098.0,0.32,110.59,95.26
BAHL.KA,2021,4,33.03,386268.0,0.11,35.27,31.3
SBL.KA,2025,1,9.41,19001.0,0.91,9.98,8.52
SILK.KA,2025,2,1.09,11263199.0,-0.04,1.21,1.0
HMB.KA,2021,7,19.39,177595.0,0.29,19.78,18.98
UBL.KA,2024,11,299.94,1287473.0,0.08,348.49,283.83
UBL.KA,2025,12,388.16,1190086.0,0.36,418.94,364.92
ABL.KA,2021,4,37.66,124881.0,0.03,39.6,36.7
NBP.KA,2022,2,25.85,785275.0,0.03,27.94,21.82
AKBL.KA,2023,9,11.94,144600.0,-0.25,12.39,11.65
SBL.KA,2022,12,6.37,7952.0,-1.18,7.79,5.5
SILK.KA,2024,3,0.97,2017425.0,-1.15,1.06,0.93
HBL.KA,2022,5,74.26,1068799.0,-0.54,78.72,71.4
UBL.KA,2022,11,77.67,467533.0,-0.19,79.8,75.86
UBL.KA,2025,10,371.36,1258837.0,0.12,393.47,351.22
BAFL.KA,2022,7,16.86,294187.0,-0.67,18.38,15.61
BAHL.KA,2024,1,63.78,905929.0,-0.35,68.38,60.78
BOK.KA,2024,9,9.76,5917.0,-0.67,10.53,8.93
SBL.KA,2022,8,8.35,18217.0,0.07,9.3,7.44
SCBPL.KA,2026,3,63.8,20480.0,-0.57,70.89,60.2
HMB.KA,2024,5,49.28,152062.0,0.66,51.3,45.96
NBP.KA,2025,12,194.49,7321347.0,0.24,212.12,179.05
AKBL.KA,2022,3,12.67,90800.0,-0.14,13.24,12.3
BOP.KA,2024,4,4.17,10308322.0,-1.0,4.48,3.92
UBL.KA,2022,2,95.66,775380.0,0.31,100.32,92.74
MCB.KA,2021,12,78.99,425303.0,-0.22,81.98,76.25
AKBL.KA,2024,2,18.35,1632850.0,0.09,19.58,17.29
AKBL.KA,2024,9,21.34,1165781.0,-0.89,24.21,20.07
HMB.KA,2025,6,88.46,316589.0,0.21,93.91,81.94
UBL.KA,2025,1,354.16,1073833.0,0.04,379.04,335.93
AKBL.KA,2021,8,14.27,191050.0,-0.06,15.2,13.51
AKBL.KA,2023,12,18.14,7590000.0,0.22,20.5,16.55
BOK.KA,2024,12,11.75,21308.0,1.34,12.8,10.37
SBL.KA,2025,3,8.59,461552.0,-0.33,9.99,7.32
UBL.KA,2023,11,137.32,1939746.0,0.64,157.26,128.98
MCB.KA,2025,8,334.91,791449.0,-0.08,346.97,323.12
SBL.KA,2023,5,7.04,4565.0,1.21,7.6,5.97
SBL.KA,2023,9,8.63,13225.0,0.18,9.4,7.5
HBL.KA,2021,3,77.1,936663.0,-1.27,80.65,74.2
HBL.KA,2022,1,81.24,712290.0,0.08,83.49,78.44
NBP.KA,2022,3,23.58,587457.0,0.17,24.83,22.17
BAHL.KA,2021,5,35.16,907908.0,0.32,38.38,33.1
MCB.KA,2024,3,149.61,679928.0,0.08,158.48,143.71
BAFL.KA,2022,1,17.04,1925540.0,0.39,18.45,16.04
BAHL.KA,2024,4,72.91,798077.0,0.58,79.06,67.92
AKBL.KA,2021,6,15.09,398344.0,0.14,15.54,14.72
AKBL.KA,2022,6,11.85,199316.0,0.31,12.32,11.35
AKBL.KA,2025,3,36.41,520588.0,-0.78,39.04,34.19
BOK.KA,2023,6,9.36,2548.0,1.36,9.77,8.51
BIPL.KA,2023,12,16.31,3135495.0,-0.05,18.07,14.61
FABL.KA,2025,9,75.69,2462019.0,0.03,92.68,72.55
HBL.KA,2023,2,55.52,2718283.0,-0.59,60.98,50.71
BAFL.KA,2023,9,28.34,4030932.0,-0.42,29.98,27.45
FABL.KA,2022,12,16.84,1261074.0,-1.32,18.24,15.16
JSBL.KA,2021,4,5.18,484333.0,-0.25,5.59,5.01
SILK.KA,2023,3,0.91,2279477.0,-1.41,1.11,0.82
BIPL.KA,2025,2,21.08,631848.0,0.0,22.55,19.24
JSBL.KA,2024,1,9.88,1606283.0,1.11,10.5,9.02
SBL.KA,2022,5,11.09,114326.0,0.73,12.99,8.7
MCB.KA,2022,12,69.5,310638.0,-0.62,72.18,65.54
NBP.KA,2024,4,32.32,6356519.0,0.12,34.42,29.16
AKBL.KA,2023,5,11.53,177261.0,-0.92,12.36,10.88
BOP.KA,2021,7,4.36,2470050.0,-0.47,4.61,4.28
FABL.KA,2023,2,15.23,1810449.0,-0.91,16.44,14.5
SBL.KA,2025,2,8.93,5979.0,-0.33,9.45,8.1
HMB.KA,2025,10,113.84,364342.0,-0.09,121.65,101.46
BOK.KA,2024,5,9.4,7546.0,0.52,10.13,8.72
SNBL.KA,2021,8,4.15,173391.0,-0.3,4.32,4.02
HMB.KA,2022,5,23.71,211696.0,-0.32,26.87,22.13
HMB.KA,2022,7,20.22,112095.0,-0.29,21.46,18.9
ABL.KA,2022,9,40.61,29333.0,-0.32,41.83,39.33
AKBL.KA,2024,10,25.03,898779.0,-0.64,27.3,22.75
FABL.KA,2022,11,17.5,2823696.0,0.31,19.88,12.7
SNBL.KA,2023,5,5.59,29457.0,0.2,6.15,5.35
JSBL.KA,2024,2,9.1,859625.0,0.14,9.98,8.15
UBL.KA,2022,6,82.73,868009.0,-0.55,88.93,75.98
UBL.KA,2023,7,110.37,2683090.0,0.93,125.28,96.89
MEBL.KA,2023,11,118.27,2938681.0,0.39,131.55,106.7
AKBL.KA,2025,6,45.96,1939326.0,-0.07,48.86,43.89
BOP.KA,2022,5,3.61,2176948.0,-0.67,4.0,3.36
BIPL.KA,2023,4,7.68,1005000.0,0.94,9.8,6.74
UBL.KA,2025,3,362.63,544442.0,-0.07,384.29,349.62
SBL.KA,2021,10,10.02,147190.0,0.71,11.4,8.79
SCBPL.KA,2021,6,14.53,13795.0,1.81,15.68,13.82
HBL.KA,2023,11,80.84,3387361.0,0.36,94.21,74.83
MCB.KA,2021,11,81.51,2041027.0,-0.31,85.65,78.36
MCB.KA,2025,11,342.03,348356.0,-0.31,357.72,335.01
BAFL.KA,2023,1,18.37,1349488.0,-0.34,19.59,17.31
SBL.KA,2023,12,10.35,97405.0,7.11,12.18,7.91
SCBPL.KA,2025,4,54.05,54901.0,0.0,57.54,47.49
HMB.KA,2025,3,82.63,116279.0,-0.47,84.53,80.83
NBP.KA,2022,11,19.39,171023.0,-0.05,19.85,18.97
BOP.KA,2021,10,4.44,7449219.0,0.42,4.79,4.12
BIPL.KA,2021,12,8.46,408136.0,-0.83,8.92,8.05
SCBPL.KA,2023,6,12.38,3286.0,-0.2,12.79,11.7
SCBPL.KA,2023,7,12.79,253500.0,0.73,13.67,11.96
HMB.KA,2025,1,84.91,86924.0,0.31,88.53,76.35
HBL.KA,2025,9,251.28,2163983.0,0.23,288.55,239.18
UBL.KA,2021,8,82.2,801151.0,-0.22,84.21,78.66
BAFL.KA,2023,7,24.27,2697859.0,0.95,28.2,21.19
MEBL.KA,2021,8,73.21,1156628.0,0.42,83.9,62.54
NBP.KA,2021,10,25.28,367690.0,0.69,26.94,24.11
NBP.KA,2026,3,198.2,9768044.0,-0.92,217.54,176.0
BOP.KA,2023,7,2.56,10126568.0,0.68,2.99,2.3
BIPL.KA,2026,3,24.18,711525.0,-0.35,25.54,22.41
HBL.KA,2025,1,155.49,2153888.0,-0.26,163.16,152.1
UBL.KA,2025,5,469.47,1225397.0,-0.08,502.52,403.57
MEBL.KA,2021,12,83.2,816294.0,-0.65,89.07,79.8
BOP.KA,2022,7,3.18,868424.0,-0.47,3.34,3.01
FABL.KA,2021,4,6.34,175762.0,-0.14,6.64,6.07
FABL.KA,2024,8,39.55,2084297.0,-0.23,41.3,37.67
SCBPL.KA,2022,5,13.91,6870.0,0.25,15.03,13.29
SCBPL.KA,2023,2,11.14,55875.0,0.29,11.74,10.27
HBL.KA,2023,5,57.17,3428071.0,-0.28,62.3,55.28
ABL.KA,2024,12,121.45,79298.0,-0.35,136.13,102.02
BOP.KA,2023,1,2.74,1731783.0,-0.01,2.86,2.6
BIPL.KA,2023,9,10.71,2506221.0,0.82,12.5,9.53
SCBPL.KA,2024,1,26.57,23261.0,0.4,27.42,24.9
HBL.KA,2025,2,144.07,1286424.0,-1.03,157.89,133.45
ABL.KA,2024,10,96.78,42112.0,-0.05,106.27,90.98
BAFL.KA,2025,4,66.56,7197257.0,-0.53,69.77,62.61
BAHL.KA,2023,11,52.17,1299251.0,0.63,57.71,47.11
BIPL.KA,2023,8,11.7,2387195.0,-0.74,13.23,10.26
SNBL.KA,2024,7,10.26,1527664.0,0.12,10.97,9.26
SCBPL.KA,2022,8,10.63,291630.0,0.39,11.35,9.91
ABL.KA,2022,8,41.14,53000.0,-0.09,43.55,38.78
BAFL.KA,2021,11,16.75,2166460.0,-0.69,17.74,16.04
AKBL.KA,2023,10,13.34,436087.0,0.91,14.45,11.89
AKBL.KA,2026,3,81.49,1825764.0,-0.42,90.79,73.22
HMB.KA,2021,12,22.05,403841.0,-0.36,23.19,20.94
FABL.KA,2024,5,31.78,4403646.0,-0.15,37.14,29.36
MCB.KA,2024,8,181.05,343016.0,-0.47,189.07,176.55
FABL.KA,2022,9,11.58,1349619.0,-0.26,12.26,11.11
ABL.KA,2022,1,50.05,98068.0,0.1,53.08,46.69
ABL.KA,2025,11,173.11,77715.0,-0.37,184.94,166.0
BAHL.KA,2025,3,133.6,144604.0,-0.56,138.47,126.48
BIPL.KA,2025,4,18.9,1524855.0,-0.84,20.57,17.89
SNBL.KA,2022,6,4.97,174500.0,-0.36,5.3,4.82
SBL.KA,2024,6,11.0,111319.0,-0.39,12.45,9.87
SILK.KA,2024,1,1.06,2294891.0,-0.39,1.24,1.02
BAFL.KA,2022,12,19.06,11269268.0,-0.91,20.63,18.05
AKBL.KA,2022,7,11.57,25820.0,0.23,12.13,11.15
BOP.KA,2025,5,8.8,13407252.0,-0.28,9.2,7.34
BIPL.KA,2022,6,7.51,132659.0,-1.34,8.15,6.93
SNBL.KA,2023,12,6.26,798405.0,-0.01,6.98,5.91
SNBL.KA,2024,5,8.56,1657750.0,-0.07,9.68,7.79
JSBL.KA,2025,7,14.74,1528144.0,-0.4,16.75,13.51
SCBPL.KA,2022,7,9.93,70952.0,1.07,10.75,9.3
MEBL.KA,2024,3,158.98,1609526.0,0.36,179.67,146.97
NBP.KA,2021,7,26.28,249000.0,-0.04,27.66,25.14
BAFL.KA,2024,5,49.61,1042109.0,0.18,52.85,46.19
SNBL.KA,2024,3,7.48,625300.0,-0.65,7.85,7.25
HMB.KA,2023,2,18.65,67950.0,0.31,19.88,18.2
ABL.KA,2021,10,42.73,956595.0,0.76,45.64,38.04
AKBL.KA,2022,2,14.43,403305.0,-1.23,16.12,12.5
ABL.KA,2024,1,63.61,13196.0,0.58,66.37,61.26
BAFL.KA,2021,8,14.4,1267260.0,-0.07,15.26,13.77
MEBL.KA,2021,10,82.1,1171040.0,-0.07,87.4,78.64
AKBL.KA,2022,9,12.35,131839.0,0.09,12.83,11.85
BOP.KA,2024,8,3.98,3829131.0,-0.78,4.33,3.85
BOK.KA,2022,4,10.55,1900.0,0.36,11.15,10.16
SNBL.KA,2022,7,4.9,52357.0,0.19,5.06,4.82
JSBL.KA,2022,7,3.75,20405.0,0.98,3.99,3.41
SCBPL.KA,2026,2,69.24,44448.0,-0.3,75.49,61.16
HBL.KA,2021,4,77.16,1099125.0,-0.03,83.36,72.33
BAFL.KA,2026,1,117.84,2607715.0,0.4,125.48,102.28
BAHL.KA,2026,1,192.5,974655.0,-0.3,199.04,182.78
BIPL.KA,2024,5,17.92,950929.0,-0.2,19.06,17.37
JSBL.KA,2024,9,9.06,194777.0,-1.9,9.5,8.51
SCBPL.KA,2021,5,14.63,13250.0,1.86,15.28,13.35
SCBPL.KA,2022,12,10.4,12095.0,0.61,10.85,9.91
ABL.KA,2024,11,105.71,102759.0,0.3,127.52,98.94
BAFL.KA,2024,11,60.78,2166533.0,0.6,73.15,57.14
MEBL.KA,2022,2,82.34,591774.0,-0.12,88.51,77.71
MEBL.KA,2024,2,138.02,1705407.0,0.76,156.11,127.58
BOP.KA,2021,3,4.23,3741581.0,-0.91,4.37,4.15
BOP.KA,2024,3,4.06,11399666.0,-0.41,4.35,3.87
BOP.KA,2024,6,3.73,5113149.0,-0.43,3.98,3.55
SCBPL.KA,2025,6,54.89,25875.0,-0.37,58.91,52.97
BAFL.KA,2024,9,50.42,952530.0,-0.17,53.79,46.64
BAFL.KA,2025,5,67.58,1806335.0,-0.22,71.43,57.85
MEBL.KA,2024,10,210.91,1002186.0,0.11,218.8,198.12
MEBL.KA,2025,2,214.58,977246.0,-0.24,225.01,207.51
AKBL.KA,2021,5,13.81,227648.0,0.56,14.87,13.21
BOP.KA,2023,9,2.4,1444703.0,0.24,2.65,2.24
HBL.KA,2025,10,293.82,2376015.0,-0.16,311.71,276.17
UBL.KA,2023,2,75.28,897383.0,-0.13,81.76,70.82
BAFL.KA,2024,2,37.4,1573446.0,0.73,42.27,35.34
MEBL.KA,2022,1,82.14,676132.0,-0.14,85.1,79.71
AKBL.KA,2023,2,13.09,294918.0,-0.49,14.31,12.18
BOP.KA,2021,8,4.38,5905134.0,-0.04,4.8,4.23
FABL.KA,2025,6,57.06,7985220.0,1.61,72.28,45.71
SCBPL.KA,2022,11,10.41,49864.0,0.41,10.99,10.09
MEBL.KA,2023,2,65.83,1210213.0,-0.16,68.33,59.92
NBP.KA,2024,1,23.84,651283.0,-0.84,25.69,21.04
FABL.KA,2024,10,41.9,1875327.0,0.01,45.1,37.09
SILK.KA,2023,10,0.98,1592348.0,-0.39,1.02,0.92
MCB.KA,2025,9,335.98,391188.0,-0.24,342.79,302.02
BAFL.KA,2023,4,19.21,1729187.0,-0.69,20.05,18.87
BOK.KA,2025,11,31.66,16271.0,-0.4,33.65,29.52
BIPL.KA,2026,1,31.54,872738.0,-0.55,32.89,30.12
SILK.KA,2021,9,1.6,4926636.0,-0.95,1.86,1.41
UBL.KA,2023,6,89.37,577593.0,-0.16,93.97,84.96
ABL.KA,2025,4,119.95,72769.0,-0.38,125.85,115.52
MEBL.KA,2026,3,435.4,1465655.0,0.2,463.91,403.55
BOP.KA,2024,1,4.18,13064886.0,-0.63,4.74,3.69
FABL.KA,2023,7,16.29,1727610.0,0.93,18.05,14.38
FABL.KA,2023,8,17.01,2448764.0,-0.44,18.6,14.85
JSBL.KA,2021,5,5.3,982068.0,0.79,6.64,4.91
SBL.KA,2022,6,9.71,60955.0,2.03,10.25,8.3
HMB.KA,2023,8,23.64,709326.0,-0.34,27.62,21.59
HMB.KA,2026,1,113.4,1544900.0,-0.1,118.94,107.95
UBL.KA,2021,12,91.12,1006565.0,-0.76,96.4,88.09
UBL.KA,2023,9,114.91,793787.0,-0.1,119.08,111.04
MEBL.KA,2022,3,78.68,983026.0,-0.16,83.68,74.49
JSBL.KA,2025,4,8.24,1170506.0,-0.36,8.8,7.42
SBL.KA,2023,11,8.09,17432.0,1.55,9.55,6.62
SBL.KA,2025,9,10.02,2000302.0,-0.18,12.78,9.06
HBL.KA,2022,8,66.82,839133.0,-0.29,73.87,60.28
FABL.KA,2023,1,15.51,816351.0,-1.17,17.53,13.88
SNBL.KA,2023,6,5.41,654786.0,0.32,5.73,5.08
JSBL.KA,2026,3,12.2,395128.0,-1.36,14.27,10.2
HMB.KA,2023,5,19.09,443413.0,-0.06,20.46,17.84
ABL.KA,2022,10,39.83,40000.0,-0.02,41.26,38.71
MEBL.KA,2025,7,342.74,1154279.0,-0.06,376.25,329.76
BOK.KA,2026,3,32.35,10461.0,-1.02,36.46,26.24
BIPL.KA,2022,5,8.05,479696.0,-0.12,8.54,7.34
FABL.KA,2024,1,24.41,787993.0,-0.23,25.51,23.07
BOP.KA,2024,9,3.92,3390826.0,-0.41,4.06,3.79
BOP.KA,2025,8,13.0,37430762.0,0.09,14.88,12.21
SNBL.KA,2022,9,5.18,183333.0,0.15,5.41,4.99
BAHL.KA,2022,10,30.41,138345.0,-0.44,31.37,29.81
BAHL.KA,2023,1,29.82,206474.0,-0.55,32.47,27.14
BAHL.KA,2025,12,179.39,313216.0,-0.26,184.71,175.97
SNBL.KA,2024,1,6.51,2429217.0,0.06,7.88,6.15
SCBPL.KA,2025,9,68.92,83306.0,-0.5,73.75,65.03
HBL.KA,2023,9,75.18,1649747.0,-0.62,78.17,71.39
UBL.KA,2025,9,356.43,1126723.0,-0.34,383.49,335.83
BIPL.KA,2025,5,18.19,920538.0,-0.19,18.93,15.93
BIPL.KA,2025,9,34.61,2620997.0,0.37,39.78,30.99
SNBL.KA,2021,11,4.46,89091.0,-0.44,4.73,4.3
SILK.KA,2021,6,1.78,44735205.0,-0.41,2.25,1.52
UBL.KA,2024,10,271.94,1114848.0,0.36,297.57,259.94
MCB.KA,2024,11,219.99,822565.0,-0.02,254.59,207.26
SBL.KA,2022,1,11.92,43068.0,0.37,13.21,11.4
SILK.KA,2021,8,1.75,5155457.0,-0.68,1.91,1.63
BOK.KA,2024,11,10.62,17169.0,-0.32,12.07,9.32
JSBL.KA,2021,11,4.87,215841.0,-0.77,5.19,4.6
SBL.KA,2021,3,6.43,47071.0,-1.63,6.83,6.18
SILK.KA,2023,12,1.14,8478738.0,-0.27,1.38,1.01
SCBPL.KA,2023,11,24.16,61136.0,0.68,26.28,21.61
UBL.KA,2022,1,93.36,559283.0,-0.25,95.73,90.09
ABL.KA,2026,2,182.22,81219.0,-1.26,200.77,162.09
BAHL.KA,2022,1,36.25,357510.0,-0.13,38.94,35.02
BAHL.KA,2025,4,132.69,376288.0,-0.35,140.53,124.65
BIPL.KA,2021,6,7.08,344568.0,-0.23,7.38,6.89
HMB.KA,2024,1,40.47,247739.0,-0.23,43.96,38.08
HBL.KA,2025,12,309.14,1329559.0,-0.11,324.53,300.08
MCB.KA,2023,7,89.0,1461304.0,0.76,100.24,78.09
BAFL.KA,2024,3,41.57,1720445.0,-0.28,43.04,40.16
BAHL.KA,2025,6,142.36,444419.0,0.57,158.32,131.31
BOK.KA,2026,2,34.72,12520.0,-1.41,39.35,29.25
SCBPL.KA,2022,1,15.61,5886.0,0.31,16.81,13.9
ABL.KA,2021,8,39.29,41630.0,-0.05,39.98,38.77
SILK.KA,2022,12,1.02,1639905.0,-1.98,1.17,0.93
SCBPL.KA,2024,9,48.26,35653.0,-0.12,52.7,44.33
ABL.KA,2023,11,58.66,63114.0,1.31,64.94,53.39
BAFL.KA,2021,10,16.3,1732464.0,0.03,17.69,15.19
MEBL.KA,2022,9,80.28,826590.0,-0.8,85.41,74.41
BOK.KA,2025,5,13.19,12171.0,1.46,13.94,11.8
FABL.KA,2025,5,44.62,1331451.0,-0.57,46.37,37.75
SNBL.KA,2022,10,5.27,235341.0,0.72,5.62,4.98
SNBL.KA,2024,8,11.27,3808147.0,0.62,12.92,10.07
SNBL.KA,2025,3,15.24,607870.0,-0.81,16.36,14.75
HBL.KA,2021,10,79.43,2253385.0,0.57,87.57,71.44
UBL.KA,2025,8,364.13,835557.0,0.08,375.92,350.12
MCB.KA,2022,3,78.74,540902.0,-0.26,82.41,76.22
MCB.KA,2025,1,247.16,308433.0,-0.13,252.78,240.29
BAFL.KA,2021,12,16.14,863968.0,-0.42,16.82,15.57
NBP.KA,2024,8,37.53,6040318.0,1.14,48.09,33.13
BOK.KA,2022,7,10.31,1357.0,0.19,10.86,9.49
SILK.KA,2023,5,1.1,2606196.0,-1.36,1.26,1.01
SCBPL.KA,2022,10,10.38,27636.0,0.16,10.86,9.83
SCBPL.KA,2023,3,11.56,35818.0,0.08,12.22,11.13
SCBPL.KA,2025,12,65.08,54667.0,-0.05,68.53,62.12
UBL.KA,2021,11,92.22,3290701.0,-0.3,97.66,88.19
ABL.KA,2021,6,38.95,132136.0,0.16,41.23,37.98
BOP.KA,2021,11,4.51,2766065.0,-0.55,4.69,4.3
BOP.KA,2025,3,10.09,19448723.0,-0.47,11.07,9.64
SNBL.KA,2024,6,8.72,745774.0,0.2,9.45,8.14
JSBL.KA,2022,8,3.82,153348.0,-0.47,4.02,3.51
SCBPL.KA,2023,12,26.09,66024.0,0.7,27.46,24.17
HMB.KA,2022,11,19.97,162136.0,-0.25,20.99,19.34
MCB.KA,2022,2,84.18,214997.0,-0.44,86.8,81.99
BAFL.KA,2021,5,13.92,705380.0,0.24,14.83,12.86
BAHL.KA,2024,3,67.24,634960.0,-0.04,70.26,64.2
HMB.KA,2023,1,18.42,126152.0,-0.08,19.77,16.72
HMB.KA,2024,9,56.82,153435.0,0.27,59.49,52.69
ABL.KA,2025,9,164.05,127548.0,-0.31,170.96,159.51
BAFL.KA,2025,9,99.27,2111023.0,0.2,106.5,94.23
MEBL.KA,2025,1,216.88,1126981.0,-0.13,227.81,209.31
BOK.KA,2023,5,9.34,3978.0,0.91,9.78,8.52
JSBL.KA,2025,8,14.86,1297984.0,-0.64,16.25,13.25
SCBPL.KA,2021,9,14.53,12614.0,1.98,16.1,12.8
HMB.KA,2024,11,66.35,508237.0,0.19,78.89,61.44
BAFL.KA,2023,5,20.11,2261339.0,-0.95,21.02,18.99
MEBL.KA,2026,1,475.02,2921750.0,0.2,497.05,441.93
BAHL.KA,2026,3,151.69,976922.0,-0.47,163.8,140.87
AKBL.KA,2023,8,12.35,453391.0,-1.07,13.05,11.65
BOP.KA,2024,5,3.87,5276365.0,-0.58,4.06,3.75
BIPL.KA,2025,6,25.19,8492835.0,2.39,35.23,18.57
UBL.KA,2024,7,228.97,744296.0,-0.23,241.93,221.78
BAHL.KA,2023,8,35.39,1147772.0,-0.61,39.61,32.82
AKBL.KA,2024,6,19.31,1731666.0,-0.23,21.44,17.51
BOK.KA,2025,1,11.33,10563.0,-1.04,12.15,10.57
JSBL.KA,2021,9,5.17,476250.0,-0.35,5.8,4.85
ABL.KA,2022,11,41.26,82250.0,-0.06,41.91,40.46
BAHL.KA,2024,11,100.75,1145703.0,1.54,125.14,87.6
BIPL.KA,2022,2,8.15,399025.0,-1.12,8.83,7.22
FABL.KA,2021,5,6.66,395682.0,0.73,7.23,6.09
SBL.KA,2022,7,9.24,9238.0,0.41,9.9,8.0
MEBL.KA,2025,9,394.86,1103388.0,0.42,435.11,375.53
FABL.KA,2024,9,39.5,1535819.0,-0.72,42.73,37.77
SNBL.KA,2023,1,5.27,12217.0,0.76,5.41,4.98
SBL.KA,2024,12,9.89,182531.0,-0.25,10.9,9.2
ABL.KA,2024,9,92.59,24817.0,-0.09,96.93,83.47
NBP.KA,2023,6,15.14,359214.0,-0.49,15.99,13.98
BIPL.KA,2026,2,28.94,641764.0,-0.96,31.62,25.54
FABL.KA,2022,6,9.33,427000.0,-0.33,10.15,8.44
JSBL.KA,2021,3,5.43,427786.0,-0.76,5.7,5.25
SILK.KA,2021,3,1.16,4110071.0,-2.98,1.28,1.06
SILK.KA,2021,11,1.38,2155364.0,-1.62,1.53,1.29
SILK.KA,2023,7,1.02,2335727.0,-1.19,1.15,0.96
HBL.KA,2021,8,84.07,782055.0,-0.2,85.69,79.94
MCB.KA,2025,10,352.03,841288.0,0.16,380.35,337.56
MEBL.KA,2023,6,63.59,841410.0,-0.29,66.81,60.98
MEBL.KA,2024,1,129.98,1484326.0,-0.34,138.26,123.63
NBP.KA,2023,5,15.99,1125804.0,0.17,16.53,15.11
BAHL.KA,2021,12,35.85,350123.0,-0.86,37.46,34.74
BOP.KA,2023,5,2.43,1002413.0,-1.01,2.57,2.33
BOP.KA,2025,7,11.54,44444994.0,0.75,12.89,9.95
BOK.KA,2025,10,33.32,66350.0,-0.89,36.17,29.52
SBL.KA,2022,10,6.21,7045.0,0.23,6.97,5.86
SBL.KA,2024,9,10.91,30473.0,0.28,13.2,9.46
SILK.KA,2025,4,1.15,0.0,0.0,1.15,1.15
JSBL.KA,2022,12,4.41,181071.0,-0.27,4.76,4.0
JSBL.KA,2024,6,9.27,2738670.0,0.34,10.5,8.1
SBL.KA,2025,12,13.73,3797260.0,-1.14,16.78,11.21
SBL.KA,2026,2,14.07,920869.0,-0.32,15.31,12.03
HMB.KA,2026,2,118.47,1075205.0,-0.37,126.67,113.05
MEBL.KA,2025,10,434.77,1105353.0,0.09,474.86,411.87
BAHL.KA,2024,8,84.92,607191.0,-0.86,92.04,77.95
AKBL.KA,2024,12,33.21,1493568.0,-0.58,35.87,29.26
BOP.KA,2023,10,2.67,7415396.0,0.21,3.21,2.53
BOK.KA,2025,4,12.84,11821.0,-0.05,13.94,11.71
BIPL.KA,2024,6,17.49,1287097.0,-0.55,18.98,16.0
SNBL.KA,2025,12,24.1,1341261.0,-0.42,25.74,23.2
JSBL.KA,2023,9,5.77,810125.0,0.11,6.1,5.5
SBL.KA,2024,10,11.64,10490.0,-0.95,13.45,10.36
SCBPL.KA,2022,6,11.61,108636.0,-1.06,14.92,9.18
MCB.KA,2022,6,71.59,715824.0,-0.49,75.38,66.7
NBP.KA,2023,11,20.48,3662795.0,1.01,25.19,17.56
NBP.KA,2024,6,28.83,5504015.0,-0.37,30.92,25.57
BIPL.KA,2022,8,7.35,687370.0,0.53,7.98,6.79
FABL.KA,2024,11,41.82,5079063.0,-0.24,49.11,38.24
JSBL.KA,2025,3,8.13,501743.0,-1.91,9.29,7.8
HMB.KA,2024,6,52.54,159815.0,-0.37,58.74,47.32
HBL.KA,2024,2,90.88,1807101.0,0.23,95.27,83.3
SCBPL.KA,2025,2,46.99,80008.0,0.78,55.21,43.5
UBL.KA,2023,4,81.37,894986.0,0.47,92.71,77.52
UBL.KA,2025,11,366.52,688967.0,-0.32,378.8,359.32
BAFL.KA,2025,8,92.72,6001193.0,0.78,100.88,81.05
NBP.KA,2025,4,69.53,6687490.0,0.63,77.27,60.72
JSBL.KA,2024,8,9.85,1006319.0,-0.14,10.83,9.3
SBL.KA,2024,7,11.84,84798.0,-0.36,13.4,10.05
SCBPL.KA,2024,3,28.73,86750.0,0.42,33.44,26.64
HMB.KA,2022,12,19.74,94786.0,0.22,20.4,18.86
HBL.KA,2022,2,81.77,1142579.0,-0.5,86.18,77.44
MCB.KA,2022,10,68.08,349394.0,-0.08,70.6,66.33
NBP.KA,2022,1,25.72,305455.0,0.17,26.39,24.33
BAHL.KA,2022,3,38.55,528027.0,-0.24,39.85,37.86
JSBL.KA,2024,3,8.97,725575.0,0.11,9.55,8.5
SBL.KA,2024,1,10.5,7674.0,1.13,11.0,9.0
HBL.KA,2022,6,67.94,1292168.0,-0.76,73.73,63.21
HBL.KA,2023,10,75.47,2702224.0,-0.05,79.75,70.71
MCB.KA,2022,11,71.48,277938.0,-0.01,73.39,69.79
MCB.KA,2024,1,130.58,369248.0,-0.26,133.9,127.76
MCB.KA,2024,9,189.82,317139.0,0.44,208.08,178.15
MEBL.KA,2021,7,61.81,511218.0,0.2,64.58,57.98
NBP.KA,2023,10,17.85,756674.0,0.16,18.7,17.25
BOK.KA,2024,4,9.72,6944.0,0.11,10.49,8.91
BIPL.KA,2025,10,35.64,2963655.0,-0.61,41.88,28.49
SNBL.KA,2023,4,5.72,29048.0,1.76,6.19,5.27
MCB.KA,2021,9,79.5,453508.0,-0.43,84.81,75.18
BAFL.KA,2022,6,17.22,611090.0,-0.05,18.44,16.14
SNBL.KA,2022,3,4.85,240696.0,0.21,5.27,4.63
SBL.KA,2022,4,11.76,16050.0,-1.11,12.69,10.42
SBL.KA,2023,1,7.58,6217.0,0.05,9.8,5.6
HBL.KA,2022,3,76.91,652973.0,-0.36,79.03,74.06
ABL.KA,2025,8,173.71,107905.0,-0.45,183.02,166.3
ABL.KA,2026,1,195.4,123943.0,0.1,209.94,182.38
NBP.KA,2026,2,222.83,15588133.0,-0.59,243.7,200.32
BAHL.KA,2021,9,35.25,285657.0,-0.31,35.91,34.37
BOP.KA,2022,3,4.08,2103460.0,-0.44,4.24,3.95
SNBL.KA,2021,10,4.26,160119.0,-0.4,4.48,4.14
SILK.KA,2021,5,1.4,19694773.0,0.13,1.78,1.25
HBL.KA,2025,8,250.43,3807376.0,0.35,268.47,220.05
UBL.KA,2022,12,75.35,728211.0,-0.51,80.69,69.01
ABL.KA,2022,6,42.69,48614.0,-0.28,43.64,41.46
NBP.KA,2022,4,23.73,205400.0,0.75,24.95,22.52
BAHL.KA,2024,2,65.19,440518.0,0.36,69.53,61.66
BIPL.KA,2022,4,8.36,766525.0,0.04,8.76,7.8
SBL.KA,2021,7,6.21,624667.0,1.07,6.63,5.7
HMB.KA,2022,3,23.07,338630.0,0.03,25.75,21.97
NBP.KA,2023,4,16.05,84476.0,0.13,16.41,15.65
BAHL.KA,2021,8,35.55,225827.0,-0.47,36.43,34.84
BIPL.KA,2024,8,17.98,1076876.0,-0.03,19.98,16.93
BIPL.KA,2024,10,18.73,1238040.0,-0.46,20.62,17.19
SBL.KA,2023,2,6.89,147175.0,1.04,7.8,6.0
SCBPL.KA,2021,7,14.82,7524.0,0.59,15.31,14.0
NBP.KA,2021,12,25.35,327182.0,0.17,26.01,24.46
NBP.KA,2022,9,20.71,309929.0,-0.34,22.51,19.5
BOP.KA,2023,6,2.29,2011929.0,-0.43,2.46,2.05
BOK.KA,2021,7,10.53,2600.0,0.24,11.34,9.95
BIPL.KA,2023,11,16.45,2885469.0,-0.7,17.83,15.14
JSBL.KA,2024,4,9.28,268029.0,0.99,10.58,8.8
BAHL.KA,2021,3,33.8,345695.0,-0.49,35.14,32.74
AKBL.KA,2023,3,13.03,47849.0,0.2,14.76,12.04
AKBL.KA,2023,4,12.25,66857.0,-0.49,12.82,12.03
BOK.KA,2021,6,11.47,11598.0,0.35,11.93,10.4
ABL.KA,2024,3,66.16,37475.0,-0.46,69.19,64.2
BAFL.KA,2021,7,14.45,3166943.0,0.34,15.52,13.86
BAFL.KA,2021,9,15.09,2986538.0,0.04,15.8,14.43
BAFL.KA,2022,4,18.59,720056.0,-0.44,19.79,17.78
MEBL.KA,2023,5,69.11,622313.0,-0.88,73.7,65.08
AKBL.KA,2026,1,114.9,4495865.0,0.25,125.21,98.47
BAHL.KA,2022,6,34.36,338201.0,-1.33,37.3,32.1
FABL.KA,2026,2,91.83,1441365.0,-0.5,98.19,84.09
UBL.KA,2021,10,86.1,1510840.0,0.87,95.0,75.48
UBL.KA,2023,1,70.74,508066.0,-0.53,75.44,65.43
BAFL.KA,2024,12,70.33,2200253.0,-0.34,76.55,61.69
MEBL.KA,2023,7,82.77,2348674.0,1.19,98.4,68.7
MEBL.KA,2023,10,98.6,1311675.0,0.71,110.94,87.48
NBP.KA,2021,4,24.43,1550000.0,0.12,27.49,22.36
NBP.KA,2025,1,48.16,2654100.0,0.04,54.08,45.04
BOP.KA,2021,6,4.39,7129518.0,-0.33,4.6,4.26
SNBL.KA,2025,2,15.79,2198129.0,-0.27,17.62,14.9
UBL.KA,2024,6,210.11,1255647.0,0.33,248.12,181.23
ABL.KA,2025,5,119.59,59525.0,-0.5,125.12,113.92
FABL.KA,2022,3,10.53,287957.0,0.51,11.42,9.85
SNBL.KA,2025,7,21.18,4381400.0,0.87,24.11,16.98
SBL.KA,2025,6,9.7,28523.0,-0.58,10.88,8.92
UBL.KA,2024,5,183.27,1400115.0,0.35,197.05,168.25
ABL.KA,2023,12,63.93,29667.0,0.21,68.32,60.06
MEBL.KA,2023,8,95.95,2114968.0,-0.32,101.72,87.82
BAHL.KA,2023,12,61.16,1330792.0,0.46,66.85,56.22
BAHL.KA,2025,5,129.93,431862.0,-0.56,136.78,118.98
FABL.KA,2025,4,43.82,2258337.0,-0.44,46.11,42.25
SNBL.KA,2025,8,22.26,2260466.0,-0.92,23.99,19.87
SBL.KA,2024,3,10.05,8450.0,0.39,12.0,9.5
HMB.KA,2024,4,46.83,287618.0,0.79,49.03,43.81
MCB.KA,2023,1,67.5,174905.0,-0.67,70.68,64.36
MEBL.KA,2021,6,57.69,487600.0,-0.08,59.49,56.49
BAHL.KA,2022,11,31.12,286004.0,0.0,32.21,29.96
JSBL.KA,2021,12,4.57,357795.0,0.08,4.91,4.31
HBL.KA,2024,8,112.07,1292052.0,-0.31,116.47,104.44
MEBL.KA,2025,5,267.19,1573277.0,0.36,298.13,225.37
NBP.KA,2023,12,26.15,5165524.0,0.01,29.39,23.86
BAHL.KA,2025,8,175.77,587577.0,0.3,200.49,155.62
AKBL.KA,2025,1,35.43,947232.0,-0.21,38.8,33.38
BOK.KA,2022,8,9.89,2826.0,0.81,10.79,8.85
BIPL.KA,2022,3,7.15,984609.0,0.69,8.38,6.52
BIPL.KA,2022,7,7.28,41238.0,-0.89,8.05,6.46
UBL.KA,2026,2,466.47,1574105.0,-0.93,498.34,421.0
MEBL.KA,2024,7,203.39,1009412.0,-0.23,208.55,195.94
UBL.KA,2022,10,78.9,556975.0,-0.31,81.3,75.59
MCB.KA,2023,8,97.57,1479295.0,-0.44,104.78,88.96
ABL.KA,2024,4,72.29,34618.0,0.9,78.66,67.15
BOP.KA,2026,3,26.01,25386095.0,-0.39,28.08,23.93
SILK.KA,2024,5,0.9,2071271.0,-1.41,0.99,0.86
HBL.KA,2026,2,315.85,1792561.0,-0.74,339.57,285.88
UBL.KA,2021,7,80.93,810949.0,-0.15,82.6,78.75
MCB.KA,2021,5,80.55,475078.0,-0.05,83.2,77.12
ABL.KA,2025,3,121.33,150676.0,-0.36,123.2,118.81
NBP.KA,2023,1,18.62,373043.0,0.09,20.22,17.64
BAHL.KA,2021,7,35.84,231137.0,0.09,36.32,34.96
AKBL.KA,2024,3,17.72,663125.0,-0.4,18.32,17.06
FABL.KA,2024,4,30.89,6763113.0,0.36,35.48,27.68
SNBL.KA,2025,5,14.65,483036.0,-0.37,15.32,12.95
ABL.KA,2024,6,85.29,36809.0,0.03,96.81,77.95
MEBL.KA,2022,8,80.97,1516030.0,0.19,87.53,71.05
FABL.KA,2023,11,19.3,2001976.0,0.41,21.58,17.42
HBL.KA,2025,6,156.76,2274284.0,0.52,174.53,144.5
MCB.KA,2026,2,395.92,771824.0,-0.35,416.44,370.39
ABL.KA,2025,6,129.54,108233.0,0.39,143.8,118.6
FABL.KA,2024,12,41.69,3043134.0,-0.25,44.08,38.68
ABL.KA,2022,5,46.46,39891.0,-0.44,48.55,42.67
NBP.KA,2021,3,23.97,805000.0,-0.58,24.8,23.36
BIPL.KA,2023,3,6.88,2898523.0,-1.2,8.12,6.49
SNBL.KA,2025,4,14.89,567190.0,-0.59,15.87,13.69
SBL.KA,2022,11,6.96,10864.0,0.11,8.79,6.1
HMB.KA,2021,3,17.13,613214.0,0.42,17.8,16.05
HBL.KA,2021,6,85.74,1064202.0,-0.78,89.62,79.84
ABL.KA,2021,12,44.83,550386.0,0.03,48.28,42.24
AKBL.KA,2021,4,13.11,314415.0,0.48,13.64,12.68
BIPL.KA,2023,1,8.48,1258435.0,-0.75,9.15,7.94
BIPL.KA,2025,7,31.59,2132463.0,-0.7,35.27,30.5
SNBL.KA,2021,9,4.19,44159.0,-0.3,4.37,4.08
SNBL.KA,2025,6,16.0,982221.0,0.22,17.26,15.04
SBL.KA,2021,5,6.14,40114.0,0.86,6.84,5.61
SILK.KA,2021,4,1.3,6711214.0,-0.35,1.47,1.09
SILK.KA,2024,8,0.95,4618525.0,-3.0,1.04,0.9
ABL.KA,2024,8,93.42,27665.0,-0.69,97.62,90.24
SCBPL.KA,2024,8,47.36,26579.0,-0.72,50.79,41.36
ABL.KA,2023,4,42.34,5190.0,-0.08,43.48,41.54
MEBL.KA,2025,12,430.56,2396151.0,-0.15,442.82,420.28
BAHL.KA,2022,4,39.04,384669.0,-0.51,41.54,36.82
BOK.KA,2022,12,9.22,5405.0,0.54,9.6,8.56
BIPL.KA,2025,3,19.4,966043.0,-0.37,20.0,18.63
SNBL.KA,2024,12,14.45,1686540.0,0.68,16.04,13.42
SCBPL.KA,2025,11,61.06,45138.0,-0.13,64.74,59.49
HBL.KA,2024,9,105.25,2848786.0,0.07,114.7,99.24
MCB.KA,2024,10,211.8,253342.0,-0.02,223.29,200.1
JSBL.KA,2023,6,4.59,171667.0,0.85,4.9,4.2
SBL.KA,2021,12,11.83,34727.0,-0.55,13.27,10.75
SCBPL.KA,2025,10,65.65,118410.0,-0.54,69.52,60.2
HMB.KA,2022,4,25.24,445350.0,-0.39,26.46,23.79
HBL.KA,2025,11,285.67,1394356.0,-0.34,309.77,270.78
MCB.KA,2025,6,261.94,713224.0,0.4,294.07,252.7
BAFL.KA,2024,10,56.37,1261283.0,0.53,59.29,48.32
FABL.KA,2024,3,24.63,1456539.0,0.34,28.38,22.48
JSBL.KA,2021,7,5.52,419762.0,-0.11,5.8,5.25
JSBL.KA,2024,7,10.68,849804.0,0.09,13.05,9.4
SILK.KA,2024,7,0.98,5734044.0,-1.61,1.17,0.9
HMB.KA,2023,10,27.58,496087.0,0.18,30.63,25.81
BOP.KA,2026,1,39.28,41932953.0,-0.63,41.77,36.4
FABL.KA,2023,5,15.27,1328387.0,-0.79,16.59,14.28
BAFL.KA,2022,3,17.61,721832.0,0.08,18.78,16.95
BAFL.KA,2024,1,35.44,2126908.0,-0.29,38.61,34.48
BOP.KA,2025,9,20.86,86127587.0,1.52,28.24,15.18
BOK.KA,2022,3,10.72,4364.0,1.31,11.3,9.79
JSBL.KA,2021,6,5.73,1868432.0,-1.27,6.25,5.25
SBL.KA,2021,9,8.67,794273.0,1.25,11.4,5.77
UBL.KA,2022,4,95.18,764635.0,-0.34,98.35,89.77
BAHL.KA,2025,7,157.1,379974.0,-0.17,166.77,150.0
BIPL.KA,2022,12,9.35,831905.0,-0.55,9.99,8.39
HBL.KA,2023,4,56.35,865188.0,-0.29,58.12,54.05
MCB.KA,2022,4,80.74,461540.0,-0.21,83.7,76.92
NBP.KA,2021,9,24.63,497182.0,-0.39,26.05,23.87
BAHL.KA,2022,5,37.68,676826.0,-0.57,38.72,36.46
BAHL.KA,2025,11,178.71,327144.0,-0.8,191.0,174.02
AKBL.KA,2022,1,15.55,626672.0,0.26,16.05,14.87
BOP.KA,2023,2,2.8,3591775.0,-0.83,3.05,2.59
BIPL.KA,2024,2,18.91,1376818.0,0.43,20.85,17.46
FABL.KA,2025,2,43.64,1501836.0,-0.2,46.37,41.81
SILK.KA,2021,7,1.84,9035190.0,-0.58,2.04,1.7
SILK.KA,2022,11,1.07,1517250.0,-1.67,1.15,1.0
ABL.KA,2025,10,185.47,447020.0,-0.51,202.5,168.01
BAFL.KA,2023,10,28.03,1217823.0,-0.02,29.34,26.89
BOP.KA,2024,11,5.31,45662109.0,1.66,7.34,4.3
SNBL.KA,2025,9,21.18,2018572.0,0.13,23.43,19.54
JSBL.KA,2025,5,8.33,554535.0,-0.22,8.95,7.0
SBL.KA,2025,4,9.36,59240.0,0.34,11.3,7.96
SILK.KA,2022,6,1.25,3683000.0,-2.25,1.5,1.13
ABL.KA,2025,2,122.08,41844.0,-0.98,129.98,110.81
MEBL.KA,2024,4,182.6,2039293.0,-0.2,196.33,173.25
JSBL.KA,2023,11,8.1,2698045.0,0.82,9.7,6.62
SILK.KA,2024,2,1.03,2737950.0,-0.63,1.09,0.97
SCBPL.KA,2025,3,53.06,56425.0,-0.92,56.04,50.23
UBL.KA,2026,1,475.72,2271988.0,0.07,506.17,434.7
MCB.KA,2023,3,72.37,203352.0,-0.29,73.46,69.85
MEBL.KA,2022,11,76.66,807857.0,-0.1,80.51,71.26
BAHL.KA,2023,7,31.93,1050246.0,0.89,37.67,27.36
BAHL.KA,2024,7,94.94,596573.0,-0.66,99.48,88.31
BOP.KA,2024,2,4.03,16782918.0,-0.24,4.37,3.76
JSBL.KA,2026,1,17.76,406024.0,-0.53,18.6,16.01
SBL.KA,2022,3,12.34,35717.0,0.19,13.2,12.0
SILK.KA,2022,1,1.4,3444273.0,-1.3,1.62,1.24
SILK.KA,2022,4,1.14,1670725.0,-0.95,1.33,1.05
SCBPL.KA,2025,8,67.83,72674.0,-0.24,78.53,60.38
UBL.KA,2021,5,80.47,1999477.0,-0.15,85.76,77.55
MCB.KA,2024,4,162.78,444308.0,0.18,171.62,155.39
BAFL.KA,2023,2,18.85,848690.0,-0.32,19.78,18.07
SILK.KA,2022,10,1.11,2703568.0,-1.18,1.28,1.0
HBL.KA,2024,6,97.06,4098482.0,0.34,108.95,87.23
UBL.KA,2023,3,81.23,1500509.0,-0.06,84.23,77.43
ABL.KA,2025,1,121.52,40810.0,-0.03,128.48,116.98
BOP.KA,2022,4,4.11,1900058.0,-0.54,4.42,3.89
HMB.KA,2023,11,34.37,681341.0,1.21,39.0,30.35
UBL.KA,2023,8,117.67,1406713.0,-0.24,124.32,109.51
MEBL.KA,2023,9,89.48,877399.0,-0.31,93.16,87.44
BOP.KA,2022,2,4.31,10868746.0,-0.53,4.51,3.96
BOK.KA,2023,7,9.75,3000.0,0.49,9.81,8.94
FABL.KA,2021,9,10.08,1401114.0,0.52,12.09,8.07
FABL.KA,2022,4,11.18,298250.0,-0.22,12.26,10.49
HBL.KA,2021,12,79.8,1553752.0,-0.64,83.64,76.96
HBL.KA,2023,1,48.65,1670605.0,0.06,58.42,44.71
BAFL.KA,2021,4,13.29,591951.0,-0.6,13.82,12.64
BAFL.KA,2025,2,67.92,1267606.0,-0.88,70.12,65.84
MEBL.KA,2022,6,73.17,1028319.0,-1.04,81.15,66.77
MEBL.KA,2023,4,70.5,782138.0,0.37,73.7,67.73
NBP.KA,2024,5,30.32,5703983.0,-0.29,31.68,28.89
BOP.KA,2025,6,9.17,15950448.0,0.12,9.86,8.71
BOK.KA,2021,3,11.43,6600.0,1.0,11.59,10.8
NBP.KA,2021,5,24.66,1267477.0,0.23,27.27,23.36
NBP.KA,2026,1,225.85,10293052.0,0.06,237.94,205.77
HMB.KA,2025,12,107.05,1190671.0,-0.78,111.29,105.55
AKBL.KA,2024,4,20.22,4509471.0,0.49,22.58,17.5
NBP.KA,2024,10,49.63,3807292.0,0.08,54.77,44.43
AKBL.KA,2023,7,11.31,573500.0,0.61,13.05,10.33
FABL.KA,2021,3,6.48,352643.0,-0.79,6.76,6.29
SNBL.KA,2022,5,4.99,74870.0,0.12,5.09,4.81
SBL.KA,2024,8,12.06,3325.0,-0.83,13.49,10.21
HMB.KA,2025,8,107.23,313126.0,0.09,116.79,96.9
HMB.KA,2025,9,108.98,237806.0,-0.52,115.55,103.34
MCB.KA,2023,6,75.87,276777.0,-0.28,77.26,73.26
BIPL.KA,2024,7,18.8,1377842.0,-0.25,20.91,16.98
FABL.KA,2024,7,42.71,4844624.0,-0.86,47.06,37.48
BAFL.KA,2022,11,19.85,2432714.0,0.0,21.56,18.64
MEBL.KA,2024,6,202.51,1436347.0,-0.3,224.82,187.0
BIPL.KA,2022,11,8.49,2665477.0,1.1,10.17,6.89
